Zip Code,City,State,Medicare Total Charges,Medicare Avg Charge/Case,Medicare % of Charges Within Search,Medicare Total # of Cases,Medicare Total Days of Care
60505,Aurora,IL,"$56,422,209","$68,308",4.4%,826,"4,384"
60543,Oswego,IL,"$55,462,788","$64,342",4.3%,862,"4,215"
60560,Yorkville,IL,"$50,145,907","$71,028",3.9%,706,"3,781"
60538,Montgomery,IL,"$42,848,631","$64,145",3.3%,668,"3,383"
60302,Oak Park,IL,"$35,683,564","$53,339",2.8%,669,"3,480"
60623,Chicago,IL,"$32,592,836","$70,547",2.5%,462,"2,742"
60504,Aurora,IL,"$32,002,333","$64,521",2.5%,496,"2,494"
60644,Chicago,IL,"$31,383,971","$56,958",2.4%,551,"3,041"
60506,Aurora,IL,"$31,211,689","$64,889",2.4%,481,"2,387"
60608,Chicago,IL,"$28,974,822","$57,719",2.3%,502,"2,372"
60612,Chicago,IL,"$26,439,350","$60,502",2.1%,437,"2,337"
60651,Chicago,IL,"$26,309,369","$60,761",2.0%,433,"2,426"
60624,Chicago,IL,"$22,560,031","$58,295",1.8%,387,"2,128"
60616,Chicago,IL,"$20,747,932","$70,571",1.6%,294,"1,657"
60632,Chicago,IL,"$19,075,598","$74,514",1.5%,256,"1,368"
60639,Chicago,IL,"$17,861,319","$62,452",1.4%,286,"1,563"
60609,Chicago,IL,"$16,550,848","$62,221",1.3%,266,"1,406"
60402,Berwyn,IL,"$15,835,527","$56,555",1.2%,280,"1,607"
60629,Chicago,IL,"$15,775,692","$67,131",1.2%,235,"1,211"
60130,Forest Park,IL,"$15,291,673","$60,681",1.2%,252,"1,392"
60545,Plano,IL,"$15,010,048","$65,834",1.2%,228,"1,091"
60304,Oak Park,IL,"$14,986,354","$57,419",1.2%,261,"1,325"
60620,Chicago,IL,"$14,176,024","$93,881",1.1%,151,893
60707,Elmwood Park,IL,"$14,135,480","$62,824",1.1%,225,"1,035"
60804,Cicero,IL,"$12,539,027","$73,328",1.0%,171,964
60502,Aurora,IL,"$11,914,122","$69,673",0.9%,171,"1,003"
60619,Chicago,IL,"$11,846,372","$75,938",0.9%,156,910
60617,Chicago,IL,"$11,308,128","$80,772",0.9%,140,809
60628,Chicago,IL,"$11,169,111","$78,656",0.9%,142,951
60607,Chicago,IL,"$10,824,364","$62,569",0.8%,173,981
60544,Plainfield,IL,"$10,426,988","$78,398",0.8%,133,713
60503,Aurora,IL,"$10,278,451","$72,897",0.8%,141,801
60305,River Forest,IL,"$10,224,498","$46,056",0.8%,222,"1,010"
60548,Sandwich,IL,"$10,111,689","$69,736",0.8%,145,776
60634,Chicago,IL,"$9,977,250","$68,809",0.8%,145,826
60647,Chicago,IL,"$9,485,180","$69,235",0.7%,137,800
60641,Chicago,IL,"$7,559,782","$66,901",0.6%,113,560
60638,Chicago,IL,"$7,500,260","$65,792",0.6%,114,589
60643,Chicago,IL,"$7,323,824","$63,685",0.6%,115,593
46307,Crown Point,IN,"$7,248,163","$102,087",0.6%,71,386
60564,Naperville,IL,"$7,016,888","$80,654",0.5%,87,465
60622,Chicago,IL,"$6,835,982","$71,958",0.5%,95,456
60653,Chicago,IL,"$6,677,301","$66,773",0.5%,100,510
60554,Sugar Grove,IL,"$6,524,321","$62,734",0.5%,104,504
60621,Chicago,IL,"$6,438,012","$94,677",0.5%,68,480
60618,Chicago,IL,"$6,395,891","$71,864",0.5%,89,405
60636,Chicago,IL,"$6,347,582","$82,436",0.5%,77,527
60411,Chicago Heights,IL,"$6,119,014","$88,681",0.5%,69,486
60649,Chicago,IL,"$6,041,795","$79,497",0.5%,76,489
46375,Schererville,IN,"$5,791,891","$156,538",0.4%,37,270
60640,Chicago,IL,"$5,540,865","$80,302",0.4%,69,400
60419,Dolton,IL,"$5,433,308","$169,791",0.4%,32,198
60586,Plainfield,IL,"$5,219,157","$84,180",0.4%,62,369
60585,Plainfield,IL,"$5,124,817","$68,331",0.4%,75,362
60542,North Aurora,IL,"$4,988,942","$67,418",0.4%,74,361
60453,Oak Lawn,IL,"$4,972,652","$113,015",0.4%,44,237
60154,Westchester,IL,"$4,871,687","$73,813",0.4%,66,375
60438,Lansing,IL,"$4,738,833","$94,777",0.4%,50,300
60104,Bellwood,IL,"$4,715,897","$64,601",0.4%,73,408
60605,Chicago,IL,"$4,683,659","$60,827",0.4%,77,281
60613,Chicago,IL,"$4,648,574","$98,906",0.4%,47,248
60611,Chicago,IL,"$4,645,895","$89,344",0.4%,52,313
46322,Highland,IN,"$4,601,420","$115,036",0.4%,40,211
60148,Lombard,IL,"$4,526,954","$107,785",0.4%,42,210
60153,Maywood,IL,"$4,402,182","$55,724",0.3%,79,372
60563,Naperville,IL,"$4,258,902","$83,508",0.3%,51,312
60615,Chicago,IL,"$4,245,364","$70,756",0.3%,60,296
60642,Chicago,IL,"$4,231,904","$75,570",0.3%,56,295
60827,Riverdale,IL,"$4,041,852","$89,819",0.3%,45,342
46410,Merrillville,IN,"$4,014,512","$111,514",0.3%,36,298
60610,Chicago,IL,"$3,942,213","$57,974",0.3%,68,304
60477,Tinley Park,IL,"$3,877,599","$84,296",0.3%,46,245
46350,La Porte,IN,"$3,874,227","$117,401",0.3%,33,175
60409,Calumet City,IL,"$3,866,180","$62,358",0.3%,62,305
60630,Chicago,IL,"$3,736,062","$76,246",0.3%,49,276
60637,Chicago,IL,"$3,719,289","$65,251",0.3%,57,326
60435,Joliet,IL,"$3,681,797","$87,662",0.3%,42,264
60652,Chicago,IL,"$3,588,490","$105,544",0.3%,34,199
60446,Romeoville,IL,"$3,583,957","$85,332",0.3%,42,233
60010,Barrington,IL,"$3,498,714","$112,862",0.3%,31,200
60415,Chicago Ridge,IL,"$3,401,850","$170,093",0.3%,20,223
60546,Riverside,IL,"$3,375,353","$63,686",0.3%,53,274
60614,Chicago,IL,"$3,323,536","$61,547",0.3%,54,198
60540,Naperville,IL,"$3,240,870","$64,817",0.3%,50,199
46311,Dyer,IN,"$3,209,921","$71,332",0.2%,45,177
60558,Western Springs,IL,"$3,207,047","$200,440",0.2%,16,209
60404,Shorewood,IL,"$3,148,888","$104,963",0.2%,30,190
46383,Valparaiso,IN,"$3,074,274","$90,420",0.2%,34,123
60443,Matteson,IL,"$3,067,262","$90,214",0.2%,34,238
60657,Chicago,IL,"$3,065,226","$82,844",0.2%,37,153
60462,Orland Park,IL,"$3,006,625","$91,110",0.2%,33,213
60123,Elgin,IL,"$2,986,707","$186,669",0.2%,16,102
60510,Batavia,IL,"$2,978,225","$70,910",0.2%,42,179
60516,Downers Grove,IL,"$2,931,707","$146,585",0.2%,20,215
46321,Munster,IN,"$2,931,582","$112,753",0.2%,26,125
60459,Burbank,IL,"$2,930,896","$97,697",0.2%,30,206
60062,Northbrook,IL,"$2,920,799","$73,020",0.2%,40,240
60523,Oak Brook,IL,"$2,882,340","$84,775",0.2%,34,152
60440,Bolingbrook,IL,"$2,881,564","$70,282",0.2%,41,187
60626,Chicago,IL,"$2,871,723","$89,741",0.2%,32,188
60441,Lockport,IL,"$2,861,321","$119,222",0.2%,24,272
60625,Chicago,IL,"$2,859,393","$89,356",0.2%,32,138
60527,Willowbrook,IL,"$2,847,952","$98,205",0.2%,29,175
46303,Cedar Lake,IN,"$2,837,392","$97,841",0.2%,29,157
60301,Oak Park,IL,"$2,810,627","$51,102",0.2%,55,269
46319,Griffith,IN,"$2,808,496","$112,340",0.2%,25,212
46342,Hobart,IN,"$2,791,067","$90,034",0.2%,31,173
60645,Chicago,IL,"$2,786,053","$103,187",0.2%,27,177
60016,Des Plaines,IL,"$2,744,295","$114,346",0.2%,24,228
46373,Saint John,IN,"$2,729,879","$118,690",0.2%,23,132
60541,Newark,IL,"$2,713,370","$64,604",0.2%,42,187
60160,Melrose Park,IL,"$2,594,202","$57,649",0.2%,45,220
60406,Blue Island,IL,"$2,467,447","$82,248",0.2%,30,205
60656,Chicago,IL,"$2,455,094","$79,197",0.2%,31,174
60085,Waukegan,IL,"$2,454,541","$106,719",0.2%,23,173
60014,Crystal Lake,IL,"$2,442,249","$97,690",0.2%,25,155
61350,Ottawa,IL,"$2,440,040","$84,139",0.2%,29,107
60417,Crete,IL,"$2,400,056","$82,761",0.2%,29,157
60430,Homewood,IL,"$2,376,457","$84,873",0.2%,28,139
60659,Chicago,IL,"$2,360,598","$71,533",0.2%,33,187
60466,Park Forest,IL,"$2,358,274","$69,361",0.2%,34,229
60565,Naperville,IL,"$2,331,942","$63,025",0.2%,37,149
46385,Valparaiso,IN,"$2,316,499","$89,096",0.2%,26,75
60517,Woodridge,IL,"$2,267,967","$78,206",0.2%,29,124
60448,Mokena,IL,"$2,266,369","$80,942",0.2%,28,143
60423,Frankfort,IL,"$2,255,908","$77,790",0.2%,29,154
60655,Chicago,IL,"$2,255,178","$75,173",0.2%,30,173
60803,Alsip,IL,"$2,250,580","$72,599",0.2%,31,209
60126,Elmhurst,IL,"$2,249,652","$89,986",0.2%,25,110
46304,Chesterton,IN,"$2,249,060","$107,098",0.2%,21,153
60473,South Holland,IL,"$2,248,666","$74,956",0.2%,30,177
60901,Kankakee,IL,"$2,235,881","$85,995",0.2%,26,156
60436,Joliet,IL,"$2,197,814","$183,151",0.2%,12,131
46368,Portage,IN,"$2,177,874","$103,708",0.2%,21,105
60487,Tinley Park,IL,"$2,162,953","$86,518",0.2%,25,126
60004,Arlington Heights,IL,"$2,154,057","$97,912",0.2%,22,127
60005,Arlington Heights,IL,"$2,117,028","$96,229",0.2%,22,108
60076,Skokie,IL,"$2,091,854","$95,084",0.2%,22,136
60046,Lake Villa,IL,"$2,082,245","$130,140",0.2%,16,122
60035,Highland Park,IL,"$2,069,117","$86,213",0.2%,24,97
60914,Bourbonnais,IL,"$2,055,967","$68,532",0.2%,30,131
60555,Warrenville,IL,"$2,043,153","$81,726",0.2%,25,152
60552,Somonauk,IL,"$2,031,929","$63,498",0.2%,32,162
60181,Villa Park,IL,"$2,024,515","$96,405",0.2%,21,72
60512,Bristol,IL,"$2,006,022","$74,297",0.2%,27,173
60458,Justice,IL,"$2,000,114","$100,006",0.2%,20,122
60451,New Lenox,IL,"$1,991,382","$104,810",0.2%,19,114
60137,Glen Ellyn,IL,"$1,964,298","$130,953",0.2%,15,116
60515,Downers Grove,IL,"$1,955,102","$122,194",0.2%,16,86
60439,Lemont,IL,"$1,938,632","$77,545",0.2%,25,129
60467,Orland Park,IL,"$1,928,445","$91,831",0.1%,21,92
46323,Hammond,IN,"$1,898,887","$126,592",0.1%,15,124
60481,Wilmington,IL,"$1,884,522","$157,044",0.1%,12,137
60103,Bartlett,IL,"$1,880,688","$94,034",0.1%,20,114
60706,Harwood Heights,IL,"$1,868,953","$74,758",0.1%,25,131
60099,Zion,IL,"$1,846,331","$115,396",0.1%,16,140
60525,La Grange,IL,"$1,842,943","$73,718",0.1%,25,129
46360,Michigan City,IN,"$1,788,277","$85,156",0.1%,21,121
60511,Big Rock,IL,"$1,787,522","$66,205",0.1%,27,125
60162,Hillside,IL,"$1,780,490","$111,281",0.1%,16,100
60601,Chicago,IL,"$1,770,617","$84,315",0.1%,21,159
60950,Manteno,IL,"$1,749,938","$109,371",0.1%,16,127
60915,Bradley,IL,"$1,743,378","$116,225",0.1%,15,121
60463,Palos Heights,IL,"$1,716,246","$90,329",0.1%,19,90
60172,Roselle,IL,"$1,712,410","$100,730",0.1%,17,111
60551,Sheridan,IL,"$1,695,139","$73,702",0.1%,23,137
60422,Flossmoor,IL,"$1,676,859","$98,639",0.1%,17,84
60047,Lake Zurich,IL,"$1,650,461","$117,890",0.1%,14,90
60174,Saint Charles,IL,"$1,637,188","$125,938",0.1%,13,126
60031,Gurnee,IL,"$1,605,292","$94,429",0.1%,17,90
60633,Chicago,IL,"$1,587,136","$72,143",0.1%,22,96
46310,Demotte,IN,"$1,550,938","$129,245",0.1%,12,96
60660,Chicago,IL,"$1,543,780","$70,172",0.1%,22,79
53147,Lake Geneva,WI,"$1,537,029","$139,730",0.1%,11,63
60521,Hinsdale,IL,"$1,528,337","$80,439",0.1%,19,59
60478,Country Club Hills,IL,"$1,507,145","$100,476",0.1%,15,81
60461,Olympia Fields,IL,"$1,503,364","$125,280",0.1%,12,135
60805,Evergreen Park,IL,"$1,502,399","$62,600",0.1%,24,116
46404,Gary,IN,"$1,499,020","$115,309",0.1%,13,91
60429,Hazel Crest,IL,"$1,497,894","$68,086",0.1%,22,91
60507,Aurora,IL,"$1,463,377","$63,625",0.1%,23,130
60193,Schaumburg,IL,"$1,460,674","$104,334",0.1%,14,90
60201,Evanston,IL,"$1,452,064","$96,804",0.1%,15,67
60449,Monee,IL,"$1,445,716","$85,042",0.1%,17,103
60169,Hoffman Estates,IL,"$1,439,872","$110,759",0.1%,13,36
60068,Park Ridge,IL,"$1,412,069","$88,254",0.1%,16,96
60646,Chicago,IL,"$1,397,680","$63,531",0.1%,22,80
60191,Wood Dale,IL,"$1,377,215","$105,940",0.1%,13,89
60452,Oak Forest,IL,"$1,342,726","$70,670",0.1%,19,62
61704,Bloomington,IL,"$1,326,648","$94,761",0.1%,14,86
60108,Bloomingdale,IL,"$1,275,481","$70,860",0.1%,18,103
60073,Round Lake,IL,"$1,260,382","$66,336",0.1%,19,105
60426,Harvey,IL,"$1,249,402","$69,411",0.1%,18,87
46324,Hammond,IN,"$1,232,977","$102,748",0.1%,12,72
60561,Darien,IL,"$1,192,344","$74,522",0.1%,16,96
60518,Earlville,IL,"$1,168,222","$83,444",0.1%,14,80
46356,Lowell,IN,"$1,146,312","$88,178",0.1%,13,83
60091,Wilmette,IL,"$1,134,100","$81,007",0.1%,14,123
60661,Chicago,IL,"$1,127,666","$70,479",0.1%,16,67
60051,McHenry,IL,"$1,069,381","$82,260",0.1%,13,41
60445,Midlothian,IL,"$1,055,467","$70,364",0.1%,15,76
60465,Palos Hills,IL,"$1,051,312","$61,842",0.1%,17,64
60202,Evanston,IL,"$1,048,411","$87,368",0.1%,12,75
60631,Chicago,IL,"$1,034,976","$79,614",0.1%,13,45
60189,Wheaton,IL,"$1,018,640","$78,357",0.1%,13,57
60513,Brookfield,IL,"$1,015,144","$56,397",0.1%,18,62
60093,Winnetka,IL,"$1,003,699","$91,245",0.1%,11,49
60425,Glenwood,IL,"$997,482","$90,680",0.1%,11,70
60171,River Grove,IL,"$978,191","$81,516",0.1%,12,53
60532,Lisle,IL,"$973,705","$74,900",0.1%,13,54
60067,Palatine,IL,"$949,048","$59,316",0.1%,16,61
60084,Wauconda,IL,"$889,705","$63,550",0.1%,14,68
60450,Morris,IL,"$884,441","$80,404",0.1%,11,63
60475,Steger,IL,"$868,483","$72,374",0.1%,12,55
60457,Hickory Hills,IL,"$859,554","$78,141",0.1%,11,65
60559,Westmont,IL,"$849,011","$65,309",0.1%,13,61
60025,Glenview,IL,"$830,298","$69,192",0.1%,12,32
60654,Chicago,IL,"$813,917","$50,870",0.1%,16,43
60471,Richton Park,IL,"$810,999","$62,385",0.1%,13,57
60534,Lyons,IL,"$810,599","$67,550",0.1%,12,65
60464,Palos Park,IL,"$787,537","$71,594",0.1%,11,50
60403,Crest Hill,IL,"$777,245","$70,659",0.1%,11,83
60013,Cary,IL,"$773,012","$59,462",0.1%,13,79
60490,Bolingbrook,IL,"$749,761","$62,480",0.1%,12,64
60077,Skokie,IL,"$741,774","$61,815",0.1%,12,40
60491,Homer Glen,IL,"$705,393","$50,385",0.1%,14,47
60431,Joliet,IL,"$662,290","$41,393",0.1%,16,59
60520,Hinckley,IL,"$651,679","$50,129",0.1%,13,46
60680,Chicago,IL,"$441,738","$40,158",0.0%,11,45
60303,Oak Park,IL,"$426,547","$28,436",0.0%,15,63
61354,Peru,IL,,,,,
53705,Madison,WI,,,,,
60060,Mundelein,IL,,,,,
61483,Toulon,IL,,,,,
33567,Plant City,FL,,,,,
33905,Fort Myers,FL,,,,,
00614,Arecibo,PR,,,,,
61244,East Moline,IL,,,,,
78261,San Antonio,TX,,,,,
61021,Dixon,IL,,,,,
60951,Martinton,IL,,,,,
85208,Mesa,AZ,,,,,
46615,South Bend,IN,,,,,
62254,Lebanon,IL,,,,,
60482,Worth,IL,,,,,
61008,Belvidere,IL,,,,,
60472,Robbins,IL,,,,,
60098,Woodstock,IL,,,,,
78597,South Padre Island,TX,,,,,
60143,Itasca,IL,,,,,
33972,Lehigh Acres,FL,,,,,
52807,Davenport,IA,,,,,
61088,Winnebago,IL,,,,,
89074,Henderson,NV,,,,,
49411,Free Soil,MI,,,,,
34110,Naples,FL,,,,,
46637,South Bend,IN,,,,,
35120,Odenville,AL,,,,,
49428,Jenison,MI,,,,,
48197,Ypsilanti,MI,,,,,
60432,Joliet,IL,,,,,
89451,Incline Village,NV,,,,,
60161,Melrose Park,IL,,,,,
85040,Phoenix,AZ,,,,,
98338,Graham,WA,,,,,
33573,Sun City Center,FL,,,,,
61360,Seneca,IL,,,,,
60420,Dwight,IL,,,,,
62704,Springfield,IL,,,,,
60945,Iroquois,IL,,,,,
29588,Myrtle Beach,SC,,,,,
33626,Tampa,FL,,,,,
46552,New Carlisle,IN,,,,,
90803,Long Beach,CA,,,,,
46402,Gary,IN,,,,,
49120,Niles,MI,,,,,
62863,Mount Carmel,IL,,,,,
98110,Bainbridge Island,WA,,,,,
60101,Addison,IL,,,,,
84403,Ogden,UT,,,,,
37148,Portland,TN,,,,,
89122,Las Vegas,NV,,,,,
60974,Woodland,IL,,,,,
64118,Kansas City,MO,,,,,
61554,Pekin,IL,,,,,
46403,Gary,IN,,,,,
60958,Pembroke Township,IL,,,,,
62812,Benton,IL,,,,,
65202,Columbia,MO,,,,,
60107,Streamwood,IL,,,,,
27455,Greensboro,NC,,,,,
38555,Crossville,TN,,,,,
60455,Bridgeview,IL,,,,,
33027,Hollywood,FL,,,,,
53714,Madison,WI,,,,,
85351,Sun City,AZ,,,,,
46381,Thayer,IN,,,,,
60044,Lake Bluff,IL,,,,,
55409,Minneapolis,MN,,,,,
37763,Kingston,TN,,,,,
85205,Mesa,AZ,,,,,
35672,Town Creek,AL,,,,,
60120,Elgin,IL,,,,,
46545,Mishawaka,IN,,,,,
19144,Philadelphia,PA,,,,,
54601,La Crosse,WI,,,,,
61104,Rockford,IL,,,,,
85364,Yuma,AZ,,,,,
32084,Saint Augustine,FL,,,,,
97070,Wilsonville,OR,,,,,
46628,South Bend,IN,,,,,
46349,Lake Village,IN,,,,,
61738,El Paso,IL,,,,,
45830,Columbus Grove,OH,,,,,
31768,Moultrie,GA,,,,,
46384,Valparaiso,IN,,,,,
37416,Chattanooga,TN,,,,,
98103,Seattle,WA,,,,,
62448,Newton,IL,,,,,
48207,Detroit,MI,,,,,
61326,Granville,IL,,,,,
46390,Wanatah,IN,,,,,
60537,Millington,IL,,,,,
46346,Kingsford Heights,IN,,,,,
94601,Oakland,CA,,,,,
46725,Columbia City,IN,,,,,
61470,Prairie City,IL,,,,,
60053,Morton Grove,IL,,,,,
20169,Haymarket,VA,,,,,
61747,Hopedale,IL,,,,,
33143,Miami,FL,,,,,
56621,Bagley,MN,,,,,
46312,East Chicago,IN,,,,,
60919,Cabery,IL,,,,,
54545,Manitowish Waters,WI,,,,,
53548,Janesville,WI,,,,,
60119,Elburn,IL,,,,,
62858,Louisville,IL,,,,,
30058,Lithonia,GA,,,,,
80304,Boulder,CO,,,,,
46040,Fortville,IN,,,,,
61705,Bloomington,IL,,,,,
85365,Yuma,AZ,,,,,
61111,Loves Park,IL,,,,,
46975,Rochester,IN,,,,,
61071,Rock Falls,IL,,,,,
05401,Burlington,VT,,,,,
60442,Manhattan,IL,,,,,
65203,Columbia,MO,,,,,
61353,Paw Paw,IL,,,,,
38621,Crenshaw,MS,,,,,
34108,Naples,FL,,,,,
34698,Dunedin,FL,,,,,
75142,Kaufman,TX,,,,,
98346,Kingston,WA,,,,,
49756,Lewiston,MI,,,,,
91767,Pomona,CA,,,,,
60938,Gilman,IL,,,,,
61064,Polo,IL,,,,,
60522,Hinsdale,IL,,,,,
48150,Livonia,MI,,,,,
49103,Berrien Springs,MI,,,,,
61362,Spring Valley,IL,,,,,
60433,Joliet,IL,,,,,
85212,Mesa,AZ,,,,,
63141,Saint Louis,MO,,,,,
61114,Rockford,IL,,,,,
61853,Mahomet,IL,,,,,
33033,Homestead,FL,,,,,
60501,Summit Argo,IL,,,,,
61801,Urbana,IL,,,,,
80424,Breckenridge,CO,,,,,
87508,Santa Fe,NM,,,,,
54521,Eagle River,WI,,,,,
34105,Naples,FL,,,,,
60476,Thornton,IL,,,,,
85331,Cave Creek,AZ,,,,,
53181,Twin Lakes,WI,,,,,
66209,Leawood,KS,,,,,
49441,Muskegon,MI,,,,,
89115,Las Vegas,NV,,,,,
34758,Kissimmee,FL,,,,,
60964,Saint Anne,IL,,,,,
60096,Winthrop Harbor,IL,,,,,
29650,Greer,SC,,,,,
33913,Fort Myers,FL,,,,,
34429,Crystal River,FL,,,,,
46511,Culver,IN,,,,,
53951,North Freedom,WI,,,,,
62681,Rushville,IL,,,,,
49079,Paw Paw,MI,,,,,
32726,Eustis,FL,,,,,
52068,Peosta,IA,,,,,
47978,Rensselaer,IN,,,,,
52302,Marion,IA,,,,,
46325,Hammond,IN,,,,,
32578,Niceville,FL,,,,,
12866,Saratoga Springs,NY,,,,,
60102,Algonquin,IL,,,,,
35077,Hanceville,AL,,,,,
78163,Bulverde,TX,,,,,
30427,Glennville,GA,,,,,
33432,Boca Raton,FL,,,,,
23502,Norfolk,VA,,,,,
95051,Santa Clara,CA,,,,,
34134,Bonita Springs,FL,,,,,
52732,Clinton,IA,,,,,
49115,Harbert,MI,,,,,
60141,Hines,IL,,,,,
61427,Cuba,IL,,,,,
39307,Meridian,MS,,,,,
60410,Channahon,IL,,,,,
92109,San Diego,CA,,,,,
61065,Poplar Grove,IL,,,,,
46301,Beverly Shores,IN,,,,,
34734,Gotha,FL,,,,,
47404,Bloomington,IN,,,,,
78250,San Antonio,TX,,,,,
46308,Crown Point,IN,,,,,
92705,Santa Ana,CA,,,,,
71105,Shreveport,LA,,,,,
28625,Statesville,NC,,,,,
39530,Biloxi,MS,,,,,
38947,North Carrollton,MS,,,,,
60012,Crystal Lake,IL,,,,,
60089,Buffalo Grove,IL,,,,,
64836,Carthage,MO,,,,,
46580,Warsaw,IN,,,,,
61109,Rockford,IL,,,,,
33931,Fort Myers Beach,FL,,,,,
85396,Buckeye,AZ,,,,,
30080,Smyrna,GA,,,,,
85750,Tucson,AZ,,,,,
61953,Tuscola,IL,,,,,
48060,Port Huron,MI,,,,,
55056,North Branch,MN,,,,,
63801,Sikeston,MO,,,,,
10461,Bronx,NY,,,,,
44805,Ashland,OH,,,,,
62930,Eldorado,IL,,,,,
49453,Saugatuck,MI,,,,,
97004,Beavercreek,OR,,,,,
32547,Fort Walton Beach,FL,,,,,
94066,San Bruno,CA,,,,,
33917,North Fort Myers,FL,,,,,
88001,Las Cruces,NM,,,,,
55068,Rosemount,MN,,,,,
49067,Marcellus,MI,,,,,
60112,Cortland,IL,,,,,
60015,Deerfield,IL,,,,,
60469,Posen,IL,,,,,
33408,North Palm Beach,FL,,,,,
18411,Clarks Summit,PA,,,,,
34288,North Port,FL,,,,,
94585,Suisun City,CA,,,,,
61401,Galesburg,IL,,,,,
64130,Kansas City,MO,,,,,
60957,Paxton,IL,,,,,
55901,Rochester,MN,,,,,
79706,Midland,TX,,,,,
60922,Chebanse,IL,,,,,
60456,Hometown,IL,,,,,
90755,Signal Hill,CA,,,,,
35648,Lexington,AL,,,,,
49442,Muskegon,MI,,,,,
55987,Winona,MN,,,,,
60188,Carol Stream,IL,,,,,
67067,Kechi,KS,,,,,
60176,Schiller Park,IL,,,,,
32459,Santa Rosa Beach,FL,,,,,
61101,Rockford,IL,,,,,
62707,Springfield,IL,,,,,
61036,Galena,IL,,,,,
62250,Hoffman,IL,,,,,
19131,Philadelphia,PA,,,,,
54935,Fond Du Lac,WI,,,,,
61016,Cherry Valley,IL,,,,,
60536,Millbrook,IL,,,,,
61311,Ancona,IL,,,,,
35401,Tuscaloosa,AL,,,,,
60526,La Grange Park,IL,,,,,
61548,Metamora,IL,,,,,
60133,Hanover Park,IL,,,,,
51031,Le Mars,IA,,,,,
60941,Herscher,IL,,,,,
33437,Boynton Beach,FL,,,,,
65804,Springfield,MO,,,,,
61821,Champaign,IL,,,,,
61520,Canton,IL,,,,,
33957,Sanibel,FL,,,,,
54115,De Pere,WI,,,,,
53140,Kenosha,WI,,,,,
32095,Saint Augustine,FL,,,,,
46371,Rolling Prairie,IN,,,,,
43074,Sunbury,OH,,,,,
49130,Union,MI,,,,,
60043,Kenilworth,IL,,,,,
60960,Rankin,IL,,,,,
33140,Miami Beach,FL,,,,,
46361,Michigan City,IN,,,,,
60118,Dundee,IL,,,,,
46409,Gary,IN,,,,,
61270,Morrison,IL,,,,,
54652,Readstown,WI,,,,,
75051,Grand Prairie,TX,,,,,
22304,Alexandria,VA,,,,,
60136,Gilberts,IL,,,,,
60185,West Chicago,IL,,,,,
62626,Carlinville,IL,,,,,
60712,Lincolnwood,IL,,,,,
70114,New Orleans,LA,,,,,
62712,Springfield,IL,,,,,
33480,Palm Beach,FL,,,,,
90077,Los Angeles,CA,,,,,
46408,Gary,IN,,,,,
60401,Beecher,IL,,,,,
54235,Sturgeon Bay,WI,,,,,
54520,Crandon,WI,,,,,
46366,North Judson,IN,,,,,
53573,Muscoda,WI,,,,,
21236,Nottingham,MD,,,,,
61032,Freeport,IL,,,,,
60072,Ringwood,IL,,,,,
49085,Saint Joseph,MI,,,,,
65708,Monett,MO,,,,,
60002,Antioch,IL,,,,,
98674,Woodland,WA,,,,,
52722,Bettendorf,IA,,,,,
80031,Westminster,CO,,,,,
61943,Oakland,IL,,,,,
60953,Milford,IL,,,,,
28092,Lincolnton,NC,,,,,
20148,Ashburn,VA,,,,,
46530,Granger,IN,,,,,
00795,Juana Diaz,PR,,,,,
60151,Maple Park,IL,,,,,
57104,Sioux Falls,SD,,,,,
61108,Rockford,IL,,,,,
49622,Central Lake,MI,,,,,
53826,Wauzeka,WI,,,,,
53511,Beloit,WI,,,,,
33598,Wimauma,FL,,,,,
75006,Carrollton,TX,,,,,
77327,Cleveland,TX,,,,,
33810,Lakeland,FL,,,,,
33786,Belleair Beach,FL,,,,,
60468,Peotone,IL,,,,,
61370,Tonica,IL,,,,,
92886,Yorba Linda,CA,,,,,
48532,Flint,MI,,,,,
60134,Geneva,IL,,,,,
47240,Greensburg,IN,,,,,
61701,Bloomington,IL,,,,,
47922,Brook,IN,,,,,
60155,Broadview,IL,,,,,
60069,Lincolnshire,IL,,,,,
60184,Wayne,IL,,,,,
49112,Edwardsburg,MI,,,,,
60163,Berkeley,IL,,,,,
60418,Crestwood,IL,,,,,
36701,Selma,AL,,,,,
52203,Amana,IA,,,,,
61061,Oregon,IL,,,,,
61761,Normal,IL,,,,,
60164,Melrose Park,IL,,,,,
60940,Grant Park,IL,,,,,
52761,Muscatine,IA,,,,,
60954,Momence,IL,,,,,
33908,Fort Myers,FL,,,,,
38821,Amory,MS,,,,,
61103,Rockford,IL,,,,,
34221,Palmetto,FL,,,,,
33410,Palm Beach Gardens,FL,,,,,
60970,Watseka,IL,,,,,
75019,Coppell,TX,,,,,
53172,South Milwaukee,WI,,,,,
49093,Three Rivers,MI,,,,,
46550,Nappanee,IN,,,,,
90713,Lakewood,CA,,,,,
61314,Buda,IL,,,,,
60408,Braidwood,IL,,,,,
60192,Hoffman Estates,IL,,,,,
53144,Kenosha,WI,,,,,
08003,Cherry Hill,NJ,,,,,
61569,Trivoli,IL,,,,,
49125,Sawyer,MI,,,,,
33935,Labelle,FL,,,,,
60531,Leland,IL,,,,,
36732,Demopolis,AL,,,,,
61773,Sibley,IL,,,,,
46614,South Bend,IN,,,,,
98236,Clinton,WA,,,,,
45208,Cincinnati,OH,,,,,
60087,Waukegan,IL,,,,,
60131,Franklin Park,IL,,,,,
53215,Milwaukee,WI,,,,,
62521,Decatur,IL,,,,,
11236,Brooklyn,NY,,,,,
60177,South Elgin,IL,,,,,
75181,Mesquite,TX,,,,,
45661,Piketon,OH,,,,,
07746,Marlboro,NJ,,,,,
61301,La Salle,IL,,,,,
60056,Mount Prospect,IL,,,,,
84108,Salt Lake City,UT,,,,,
62656,Lincoln,IL,,,,,
60699,Chicago,IL,,,,,
85268,Fountain Hills,AZ,,,,,
76210,Denton,TX,,,,,
61443,Kewanee,IL,,,,,
53012,Cedarburg,WI,,,,,
02136,Hyde Park,MA,,,,,
49129,Union Pier,MI,,,,,
33914,Cape Coral,FL,,,,,
75424,Blue Ridge,TX,,,,,
49701,Mackinaw City,MI,,,,,
30530,Commerce,GA,,,,,
53168,Salem,WI,,,,,
57201,Watertown,SD,,,,,
60061,Vernon Hills,IL,,,,,
38002,Arlington,TN,,,,,
85254,Scottsdale,AZ,,,,,
84115,Salt Lake City,UT,,,,,
14020,Batavia,NY,,,,,
27103,Winston Salem,NC,,,,,
44109,Cleveland,OH,,,,,
33782,Pinellas Park,FL,,,,,
36116,Montgomery,AL,,,,,
78249,San Antonio,TX,,,,,
61802,Urbana,IL,,,,,
61764,Pontiac,IL,,,,,
46601,South Bend,IN,,,,,
88220,Carlsbad,NM,,,,,
60026,Glenview,IL,,,,,
39701,Columbus,MS,,,,,
61276,Preemption,IL,,,,,
27501,Angier,NC,,,,,
98327,Dupont,WA,,,,,
60917,Buckingham,IL,,,,,
62563,Rochester,IL,,,,,
34113,Naples,FL,,,,,
61462,Monmouth,IL,,,,,
60484,University Park,IL,,,,,
35216,Birmingham,AL,,,,,
32246,Jacksonville,FL,,,,,
79904,El Paso,TX,,,,,
49038,Coloma,MI,,,,,
70005,Metairie,LA,,,,,
62226,Belleville,IL,,,,,
96761,Lahaina,HI,,,,,
60007,Elk Grove Village,IL,,,,,
46406,Gary,IN,,,,,
60041,Ingleside,IL,,,,,
53188,Waukesha,WI,,,,,
11221,Brooklyn,NY,,,,,
61001,Apple River,IL,,,,,
53121,Elkhorn,WI,,,,,
61329,Ladd,IL,,,,,
00956,Bayamon,PR,,,,,
46229,Indianapolis,IN,,,,,
46327,Hammond,IN,,,,,
33040,Key West,FL,,,,,
61231,Aledo,IL,,,,,
49506,Grand Rapids,MI,,,,,
92673,San Clemente,CA,,,,,
34145,Marco Island,FL,,,,,
85118,Gold Canyon,AZ,,,,,
77441,Fulshear,TX,,,,,
46382,Union Mills,IN,,,,,
28451,Leland,NC,,,,,
50014,Ames,IA,,,,,
75022,Flower Mound,TX,,,,,
33647,Tampa,FL,,,,,
61068,Rochelle,IL,,,,,
49420,Hart,MI,,,,,
77459,Missouri City,TX,,,,,
37228,Nashville,TN,,,,,
00820,Christiansted,VI,,,,,
46254,Indianapolis,IN,,,,,
62220,Belleville,IL,,,,,
62305,Quincy,IL,,,,,
48357,Highland,MI,,,,,
70087,Saint Rose,LA,,,,,
61734,Delavan,IL,,,,,
60447,Minooka,IL,,,,,
60604,Chicago,IL,,,,,
46341,Hebron,IN,,,,,
72205,Little Rock,AR,,,,,
17044,Lewistown,PA,,,,,
61322,Depue,IL,,,,,
49031,Cassopolis,MI,,,,,
54558,Saint Germain,WI,,,,,
55113,Saint Paul,MN,,,,,
60556,Waterman,IL,,,,,
61920,Charleston,IL,,,,,
61364,Streator,IL,,,,,
46365,Mill Creek,IN,,,,,
34235,Sarasota,FL,,,,,
33928,Estero,FL,,,,,
61614,Peoria,IL,,,,,
49696,Traverse City,MI,,,,,
60931,Donovan,IL,,,,,
53211,Milwaukee,WI,,,,,
60152,Marengo,IL,,,,,
46320,Hammond,IN,,,,,
94402,San Mateo,CA,,,,,
31324,Richmond Hill,GA,,,,,
34292,Venice,FL,,,,,
33444,Delray Beach,FL,,,,,
62701,Springfield,IL,,,,,
60944,Hopkins Park,IL,,,,,
33322,Fort Lauderdale,FL,,,,,
46539,Mentone,IN,,,,,
61546,Manito,IL,,,,,
61605,Peoria,IL,,,,,
48505,Flint,MI,,,,,
46543,Millersburg,IN,,,,,
19041,Haverford,PA,,,,,
62561,Riverton,IL,,,,,
61341,Marseilles,IL,,,,,
70122,New Orleans,LA,,,,,
53024,Grafton,WI,,,,,
53216,Milwaukee,WI,,,,,
61261,Lyndon,IL,,,,,
59730,Gallatin Gateway,MT,,,,,
28304,Fayetteville,NC,,,,,
33426,Boynton Beach,FL,,,,,
61615,Peoria,IL,,,,,
60567,Naperville,IL,,,,,
62208,Fairview Heights,IL,,,,,
46613,South Bend,IN,,,,,
61555,Pekin,IL,,,,,
53130,Hales Corners,WI,,,,,
60187,Wheaton,IL,,,,,
46554,North Liberty,IN,,,,,
50273,Winterset,IA,,,,,
34275,Nokomis,FL,,,,,
60110,Carpentersville,IL,,,,,
31411,Savannah,GA,,,,,
60064,North Chicago,IL,,,,,
62522,Decatur,IL,,,,,
33487,Boca Raton,FL,,,,,
53039,Juneau,WI,,,,,
60598,Aurora,IL,,,,,
46392,Wheatfield,IN,,,,,
61832,Danville,IL,,,,,
60021,Fox River Grove,IL,,,,,
60927,Clifton,IL,,,,,
28054,Gastonia,NC,,,,,
08873,Somerset,NJ,,,,,
59252,Outlook,MT,,,,,
61820,Champaign,IL,,,,,
46534,Knox,IN,,,,,
60097,Wonder Lake,IL,,,,,
60140,Hampshire,IL,,,,,
33950,Punta Gorda,FL,,,,,
28117,Mooresville,NC,,,,,
37334,Fayetteville,TN,,,,,
65810,Springfield,MO,,,,,
60106,Bensenville,IL,,,,,
60083,Wadsworth,IL,,,,,
60550,Shabbona,IL,,,,,
61528,Edwards,IL,,,,,
60081,Spring Grove,IL,,,,,
60050,McHenry,IL,,,,,
60045,Lake Forest,IL,,,,,
46407,Gary,IN,,,,,
53125,Fontana,WI,,,,,
87124,Rio Rancho,NM,,,,,
48235,Detroit,MI,,,,,
47960,Monticello,IN,,,,,
14214,Buffalo,NY,,,,,
21043,Ellicott City,MD,,,,,
61822,Champaign,IL,,,,,
46394,Whiting,IN,,,,,
98102,Seattle,WA,,,,,
61525,Dunlap,IL,,,,,
59716,Big Sky,MT,,,,,
85249,Chandler,AZ,,,,,
61030,Forreston,IL,,,,,
33909,Cape Coral,FL,,,,,
49128,Three Oaks,MI,,,,,
55792,Virginia,MN,,,,,
54241,Two Rivers,WI,,,,,
60042,Island Lake,IL,,,,,
62801,Centralia,IL,,,,,
61611,East Peoria,IL,,,,,
60115,Dekalb,IL,,,,,
89117,Las Vegas,NV,,,,,
60428,Markham,IL,,,,,
30022,Alpharetta,GA,,,,,
46391,Westville,IN,,,,,
89084,North Las Vegas,NV,,,,,
96734,Kailua,HI,,,,,
78617,Del Valle,TX,,,,,
61067,Ridott,IL,,,,,
61530,Eureka,IL,,,,,
53549,Jefferson,WI,,,,,
61571,Washington,IL,,,,,
46574,Walkerton,IN,,,,,
32935,Melbourne,FL,,,,,
55439,Minneapolis,MN,,,,,
62205,East Saint Louis,IL,,,,,
85013,Phoenix,AZ,,,,,
60690,Chicago,IL,,,,,
44138,Olmsted Falls,OH,,,,,
53142,Kenosha,WI,,,,,
47951,Kentland,IN,,,,,
33431,Boca Raton,FL,,,,,
54901,Oshkosh,WI,,,,,
46952,Marion,IN,,,,,
92555,Moreno Valley,CA,,,,,
60946,Kempton,IL,,,,,
63103,Saint Louis,MO,,,,,
49683,Thompsonville,MI,,,,,
60924,Cissna Park,IL,,,,,
60190,Winfield,IL,,,,,
61523,Chillicothe,IL,,,,,
61373,Utica,IL,,,,,
30092,Peachtree Corners,GA,,,,,
30071,Norcross,GA,,,,,
90620,Buena Park,CA,,,,,
53128,Genoa City,WI,,,,,
61037,Galt,IL,,,,,
60008,Rolling Meadows,IL,,,,,
94949,Novato,CA,,,,,
33418,Palm Beach Gardens,FL,,,,,
53105,Burlington,WI,,,,,
61081,Sterling,IL,,,,,
55446,Minneapolis,MN,,,,,
61115,Machesney Park,IL,,,,,
63034,Florissant,MO,,,,,
78676,Wimberley,TX,,,,,
61859,Ogden,IL,,,,,
75032,Rockwall,TX,,,,,
60407,Braceville,IL,,,,,
61201,Rock Island,IL,,,,,
33952,Port Charlotte,FL,,,,,
47630,Newburgh,IN,,,,,
11598,Woodmere,NY,,,,,
62919,Cave In Rock,IL,,,,,
30179,Temple,GA,,,,,
46528,Goshen,IN,,,,,
60416,Coal City,IL,,,,,
89014,Henderson,NV,,,,,
94087,Sunnyvale,CA,,,,,
30294,Ellenwood,GA,,,,,
54499,Wittenberg,WI,,,,,
53029,Hartland,WI,,,,,
61550,Morton,IL,,,,,
89121,Las Vegas,NV,,,,,
33898,Lake Wales,FL,,,,,
60139,Glendale Heights,IL,,,,,
08830,Iselin,NJ,,,,,
34103,Naples,FL,,,,,
61428,Dahinda,IL,,,,,
06830,Greenwich,CT,,,,,
61107,Rockford,IL,,,,,
55104,Saint Paul,MN,,,,,
89109,Las Vegas,NV,,,,,
30518,Buford,GA,,,,,
60714,Niles,IL,,,,,
60074,Palatine,IL,,,,,
46804,Fort Wayne,IN,,,,,
61866,Rantoul,IL,,,,,
21210,Baltimore,MD,,,,,
48089,Warren,MI,,,,,
33904,Cape Coral,FL,,,,,
32162,The Villages,FL,,,,,
61448,Knoxville,IL,,,,,
60022,Glencoe,IL,,,,,
83703,Boise,ID,,,,,
61330,La Moille,IL,,,,,
33484,Delray Beach,FL,,,,,
92234,Cathedral City,CA,,,,,
53527,Cottage Grove,WI,,,,,
47909,Lafayette,IN,,,,,
62420,Casey,IL,,,,,
49417,Grand Haven,MI,,,,,
11720,Centereach,NY,,,,,
55121,Saint Paul,MN,,,,,
60195,Schaumburg,IL,,,,,
61356,Princeton,IL,,,,,
33912,Fort Myers,FL,,,,,
54960,Neshkoro,WI,,,,,
60968,Thawville,IL,,,,,
60018,Des Plaines,IL,,,,,
49415,Fruitport,MI,,,,,
34231,Sarasota,FL,,,,,
60421,Elwood,IL,,,,,
61102,Rockford,IL,,,,,
85209,Mesa,AZ,,,,,
49047,Dowagiac,MI,,,,,
60124,Elgin,IL,,,,,
02482,Wellesley,MA,,,,,
77642,Port Arthur,TX,,,,,
60966,Sheldon,IL,,,,,
60175,Saint Charles,IL,,,,,
67214,Wichita,KS,,,,,
60030,Grayslake,IL,,,,,
60935,Essex,IL,,,,,
32712,Apopka,FL,,,,,
60178,Sycamore,IL,,,,,
36107,Montgomery,AL,,,,,
49117,New Buffalo,MI,,,,,
77845,College Station,TX,,,,,
38935,Greenwood,MS,,,,,
49405,Custer,MI,,,,,
20685,Saint Leonard,MD,,,,,
45840,Findlay,OH,,,,,
32789,Winter Park,FL,,,,,
62568,Taylorville,IL,,,,,
61607,Peoria,IL,,,,,
30012,Conyers,GA,,,,,
32963,Vero Beach,FL,,,,,
60090,Wheeling,IL,,,,,
48740,Harrisville,MI,,,,,
61084,Stillman Valley,IL,,,,,
62702,Springfield,IL,,,,,
60603,Chicago,IL,,,,,
49024,Portage,MI,,,,,
85345,Peoria,AZ,,,,,
47906,West Lafayette,IN,,,,,
52001,Dubuque,IA,,,,,
60156,Lake In The Hills,IL,,,,,
46805,Fort Wayne,IN,,,,,
60606,Chicago,IL,,,,,
89081,North Las Vegas,NV,,,,,
60173,Schaumburg,IL,,,,,
61342,Mendota,IL,,,,,
34102,Naples,FL,,,,,
49424,Holland,MI,,,,,
60033,Harvard,IL,,,,,
07042,Montclair,NJ,,,,,
54956,Neenah,WI,,,,,
60180,Union,IL,,,,,
72401,Jonesboro,AR,,,,,
61616,Peoria Heights,IL,,,,,
75201,Dallas,TX,,,,,
60070,Prospect Heights,IL,,,,,
97215,Portland,OR,,,,,
61531,Farmington,IL,,,,,
49064,Lawrence,MI,,,,,
46347,Kouts,IN,,,,,
10475,Bronx,NY,,,,,
60514,Clarendon Hills,IL,,,,,
77382,Spring,TX,,,,,
49106,Bridgman,MI,,,,,
46582,Warsaw,IN,,,,,
61604,Peoria,IL,,,,,
16121,Farrell,PA,,,,,
60194,Schaumburg,IL,,,,,
60424,Gardner,IL,,,,,
77584,Pearland,TX,,,,,
46996,Winamac,IN,,,,,
77056,Houston,TX,,,,,
33470,Loxahatchee,FL,,,,,
30043,Lawrenceville,GA,,,,,
46544,Mishawaka,IN,,,,,
62896,West Frankfort,IL,,,,,
35806,Huntsville,AL,,,,,
53402,Racine,WI,,,,,
78254,San Antonio,TX,,,,,
60480,Willow Springs,IL,,,,,
53963,Waupun,WI,,,,,
34652,New Port Richey,FL,,,,,
70471,Mandeville,LA,,,,,
98445,Tacoma,WA,,,,,
25320,Charleston,WV,,,,,
54494,Wisconsin Rapids,WI,,,,,
60142,Huntley,IL,,,,,
63701,Cape Girardeau,MO,,,,,
74137,Tulsa,OK,,,,,
32141,Edgewater,FL,,,,,
37748,Harriman,TN,,,,,
46405,Lake Station,IN,,,,,
94574,Saint Helena,CA,,,,,
32038,Fort White,FL,,,,,
46619,South Bend,IN,,,,,
61257,Hillsdale,IL,,,,,
95354,Modesto,CA,,,,,
48204,Detroit,MI,,,,,
60048,Libertyville,IL,,,,,
45044,Middletown,OH,,,,,
42728,Columbia,KY,,,,,
